-- phpMyAdmin SQL Dump
-- version 5.2.1
-- https://www.phpmyadmin.net/
--
-- Host: 127.0.0.1
-- Generation Time: Sep 23, 2025 at 07:11 PM
-- Server version: 10.4.28-MariaDB
-- PHP Version: 8.2.4

SET SQL_MODE = "NO_AUTO_VALUE_ON_ZERO";
START TRANSACTION;
SET time_zone = "+00:00";


/*!40101 SET @OLD_CHARACTER_SET_CLIENT=@@CHARACTER_SET_CLIENT */;
/*!40101 SET @OLD_CHARACTER_SET_RESULTS=@@CHARACTER_SET_RESULTS */;
/*!40101 SET @OLD_COLLATION_CONNECTION=@@COLLATION_CONNECTION */;
/*!40101 SET NAMES utf8mb4 */;

--
-- Database: `farm_monitoring`
--

-- --------------------------------------------------------

--
-- Table structure for table `crop_areas`
--

CREATE TABLE `crop_areas` (
  `area_id` bigint(20) UNSIGNED NOT NULL,
  `name` varchar(100) NOT NULL,
  `crop_type` varchar(50) NOT NULL,
  `size_hectares` decimal(6,2) DEFAULT NULL,
  `planting_date` date DEFAULT NULL,
  `estimated_harvest_date` date DEFAULT NULL,
  `health_status` varchar(20) DEFAULT 'good' CHECK (`health_status` in ('excellent','good','fair','poor'))
) ENGINE=InnoDB DEFAULT CHARSET=utf8mb4 COLLATE=utf8mb4_general_ci;

--
-- Dumping data for table `crop_areas`
--

INSERT INTO `crop_areas` (`area_id`, `name`, `crop_type`, `size_hectares`, `planting_date`, `estimated_harvest_date`, `health_status`) VALUES
(1, 'Field 4', 'Wheat', 12.50, '2023-09-01', '2024-02-15', 'good'),
(2, 'Greenhouse A', 'Tomatoes', 0.80, '2023-10-01', '2024-01-20', 'good'),
(3, 'Field B', 'Corn', 18.20, '2023-08-15', '2023-12-10', 'good');

-- --------------------------------------------------------

--
-- Table structure for table `equipment`
--

CREATE TABLE `equipment` (
  `equipment_id` bigint(20) UNSIGNED NOT NULL,
  `name` varchar(100) NOT NULL,
  `type` varchar(50) DEFAULT NULL CHECK (`type` in ('pump','sprinkler','tractor','harvester','generator','controller')),
  `location` varchar(100) DEFAULT NULL,
  `status` varchar(20) DEFAULT 'offline' CHECK (`status` in ('online','offline','active','idle','maintenance')),
  `last_maintenance` date DEFAULT NULL
) ENGINE=InnoDB DEFAULT CHARSET=utf8mb4 COLLATE=utf8mb4_general_ci;

--
-- Dumping data for table `equipment`
--

INSERT INTO `equipment` (`equipment_id`, `name`, `type`, `location`, `status`, `last_maintenance`) VALUES
(1, 'Main Irrigation Pump', 'pump', 'Water Station 1', 'online', '2023-10-01'),
(2, 'Tractor 5', 'tractor', 'Garage B', 'idle', '2023-09-15'),
(3, 'Sprinkler System A', 'sprinkler', 'Field B', 'active', '2023-10-10'),
(4, 'Harvester 2', 'harvester', 'Garage A', 'maintenance', '2023-08-20');

-- --------------------------------------------------------

--
-- Table structure for table `sensors`
--

CREATE TABLE `sensors` (
  `sensor_id` bigint(20) UNSIGNED NOT NULL,
  `sensor_name` varchar(50) NOT NULL,
  `sensor_type` varchar(50) DEFAULT NULL CHECK (`sensor_type` in ('temperature','humidity','soil_moisture','light','wind','ph')),
  `location` varchar(100) NOT NULL,
  `installation_date` date NOT NULL,
  `status` varchar(20) DEFAULT 'active' CHECK (`status` in ('active','inactive','calibrating','maintenance'))
) ENGINE=InnoDB DEFAULT CHARSET=utf8mb4 COLLATE=utf8mb4_general_ci;

--
-- Dumping data for table `sensors`
--

INSERT INTO `sensors` (`sensor_id`, `sensor_name`, `sensor_type`, `location`, `installation_date`, `status`) VALUES
(1, 'Greenhouse Temp 1', 'temperature', 'Greenhouse A', '2023-01-15', 'active'),
(2, 'Field Humidity 2', 'humidity', 'Field B', '2023-02-20', 'active'),
(3, 'Soil Moist NW', 'soil_moisture', 'Field NW Corner', '2023-03-10', 'active'),
(4, 'Light Sensor 1', 'light', 'Greenhouse A', '2023-01-20', 'active'),
(5, 'Wind Speed', 'wind', 'Field Center', '2023-04-05', 'active'),
(6, 'pH Meter 1', 'ph', 'Field E', '2023-05-12', 'active');

-- --------------------------------------------------------

--
-- Table structure for table `sensor_readings`
--

CREATE TABLE `sensor_readings` (
  `reading_id` bigint(20) UNSIGNED NOT NULL,
  `sensor_id` int(11) DEFAULT NULL,
  `value` decimal(6,2) NOT NULL,
  `reading_time` timestamp NOT NULL DEFAULT current_timestamp(),
  `status` varchar(20) DEFAULT 'normal' CHECK (`status` in ('normal','warning','critical'))
) ENGINE=InnoDB DEFAULT CHARSET=utf8mb4 COLLATE=utf8mb4_general_ci;

--
-- Dumping data for table `sensor_readings`
--

INSERT INTO `sensor_readings` (`reading_id`, `sensor_id`, `value`, `reading_time`, `status`) VALUES
(529, 1, 35.60, '2025-07-31 22:14:24', 'normal'),
(530, 2, 4.10, '2025-07-31 22:14:24', 'normal'),
(531, 3, 0.00, '2025-07-31 22:14:24', 'normal'),
(532, 1, 35.60, '2025-07-31 22:14:30', 'normal'),
(533, 2, 4.10, '2025-07-31 22:14:30', 'normal'),
(534, 3, 0.00, '2025-07-31 22:14:30', 'normal'),
(535, 1, 35.60, '2025-07-31 22:14:35', 'normal'),
(536, 2, 4.10, '2025-07-31 22:14:35', 'normal'),
(537, 3, 0.00, '2025-07-31 22:14:35', 'normal'),
(538, 1, 35.70, '2025-07-31 22:14:40', 'normal'),
(539, 2, 4.10, '2025-07-31 22:14:40', 'normal'),
(540, 3, 0.00, '2025-07-31 22:14:40', 'normal'),
(541, 1, 35.70, '2025-07-31 22:14:45', 'normal'),
(542, 2, 4.10, '2025-07-31 22:14:45', 'normal'),
(543, 3, 0.00, '2025-07-31 22:14:45', 'normal'),
(544, 1, 35.70, '2025-07-31 22:14:51', 'normal'),
(545, 2, 4.10, '2025-07-31 22:14:51', 'normal'),
(546, 3, 0.00, '2025-07-31 22:14:51', 'normal'),
(547, 1, 35.70, '2025-07-31 22:14:56', 'normal'),
(548, 2, 4.10, '2025-07-31 22:14:56', 'normal'),
(549, 3, 0.00, '2025-07-31 22:14:56', 'normal'),
(550, 1, 35.70, '2025-07-31 22:15:01', 'normal'),
(551, 2, 4.10, '2025-07-31 22:15:01', 'normal'),
(552, 3, 75.00, '2025-07-31 22:15:01', 'normal'),
(553, 1, 35.70, '2025-07-31 22:15:06', 'normal'),
(554, 2, 4.10, '2025-07-31 22:15:06', 'normal'),
(555, 3, 0.00, '2025-07-31 22:15:06', 'normal'),
(556, 1, 35.70, '2025-07-31 22:15:11', 'normal'),
(557, 2, 4.10, '2025-07-31 22:15:11', 'normal'),
(558, 3, 78.00, '2025-07-31 22:15:11', 'normal'),
(559, 1, 35.50, '2025-07-31 22:15:16', 'normal'),
(560, 2, 44.10, '2025-07-31 22:15:16', 'normal'),
(561, 3, 0.00, '2025-07-31 22:15:16', 'normal'),
(562, 1, 34.90, '2025-07-31 22:15:21', 'normal'),
(563, 2, 55.20, '2025-07-31 22:15:21', 'normal'),
(564, 3, 0.00, '2025-07-31 22:15:21', 'normal'),
(565, 1, 34.80, '2025-07-31 22:15:27', 'normal'),
(566, 2, 45.30, '2025-07-31 22:15:27', 'normal'),
(567, 3, 0.00, '2025-07-31 22:15:27', 'normal'),
(568, 1, 34.80, '2025-07-31 22:15:32', 'normal'),
(569, 2, 35.20, '2025-07-31 22:15:32', 'normal'),
(570, 3, 87.00, '2025-07-31 22:15:32', 'normal'),
(571, 1, 34.80, '2025-07-31 22:15:38', 'normal'),
(572, 2, 30.70, '2025-07-31 22:15:38', 'normal'),
(573, 3, 0.00, '2025-07-31 22:15:38', 'normal'),
(574, 1, 34.80, '2025-07-31 22:15:43', 'normal'),
(575, 2, 25.50, '2025-07-31 22:15:43', 'normal'),
(576, 3, 0.00, '2025-07-31 22:15:43', 'normal'),
(577, 1, 34.90, '2025-07-31 22:15:48', 'normal'),
(578, 2, 21.70, '2025-07-31 22:15:48', 'normal'),
(579, 3, 0.00, '2025-07-31 22:15:48', 'normal'),
(580, 1, 35.00, '2025-07-31 22:15:53', 'normal'),
(581, 2, 18.90, '2025-07-31 22:15:53', 'normal'),
(582, 3, 0.00, '2025-07-31 22:15:53', 'normal'),
(583, 1, 35.00, '2025-07-31 22:15:58', 'normal'),
(584, 2, 15.00, '2025-07-31 22:15:58', 'normal'),
(585, 3, 0.00, '2025-07-31 22:15:58', 'normal'),
(586, 1, 35.00, '2025-07-31 22:16:03', 'normal'),
(587, 2, 12.60, '2025-07-31 22:16:03', 'normal'),
(588, 3, 0.00, '2025-07-31 22:16:03', 'normal'),
(589, 1, 35.00, '2025-07-31 22:16:09', 'normal'),
(590, 2, 10.50, '2025-07-31 22:16:09', 'normal'),
(591, 3, 0.00, '2025-07-31 22:16:09', 'normal'),
(592, 1, 35.00, '2025-07-31 22:16:14', 'normal'),
(593, 2, 9.30, '2025-07-31 22:16:14', 'normal'),
(594, 3, 0.00, '2025-07-31 22:16:14', 'normal'),
(595, 1, 35.00, '2025-07-31 22:16:19', 'normal'),
(596, 2, 8.40, '2025-07-31 22:16:19', 'normal'),
(597, 3, 0.00, '2025-07-31 22:16:19', 'normal'),
(598, 1, 34.90, '2025-07-31 22:16:25', 'normal'),
(599, 2, 7.90, '2025-07-31 22:16:25', 'normal'),
(600, 3, 80.00, '2025-07-31 22:16:25', 'normal'),
(601, 1, 34.90, '2025-07-31 22:16:30', 'normal'),
(602, 2, 7.40, '2025-07-31 22:16:30', 'normal'),
(603, 3, 0.00, '2025-07-31 22:16:30', 'normal'),
(604, 1, 35.00, '2025-07-31 22:16:35', 'normal'),
(605, 2, 7.10, '2025-07-31 22:16:35', 'normal'),
(606, 3, 0.00, '2025-07-31 22:16:35', 'normal'),
(607, 1, 35.00, '2025-07-31 22:16:40', 'normal'),
(608, 2, 6.80, '2025-07-31 22:16:40', 'normal'),
(609, 3, 32.00, '2025-07-31 22:16:40', 'normal'),
(610, 1, 35.00, '2025-07-31 22:16:46', 'normal'),
(611, 2, 6.50, '2025-07-31 22:16:46', 'normal'),
(612, 3, 0.00, '2025-07-31 22:16:46', 'normal'),
(613, 1, 35.00, '2025-07-31 22:16:51', 'normal'),
(614, 2, 6.20, '2025-07-31 22:16:51', 'normal'),
(615, 3, 0.00, '2025-07-31 22:16:51', 'normal'),
(616, 1, 35.00, '2025-07-31 22:16:56', 'normal'),
(617, 2, 5.90, '2025-07-31 22:16:56', 'normal'),
(618, 3, 43.00, '2025-07-31 22:16:56', 'normal'),
(619, 1, 35.00, '2025-07-31 22:17:01', 'normal'),
(620, 2, 5.70, '2025-07-31 22:17:01', 'normal'),
(621, 3, 0.00, '2025-07-31 22:17:01', 'normal'),
(622, 1, 35.00, '2025-07-31 22:17:07', 'normal'),
(623, 2, 5.70, '2025-07-31 22:17:07', 'normal'),
(624, 3, 0.00, '2025-07-31 22:17:07', 'normal'),
(625, 1, 35.00, '2025-07-31 22:17:12', 'normal'),
(626, 2, 5.70, '2025-07-31 22:17:12', 'normal'),
(627, 3, 0.00, '2025-07-31 22:17:12', 'normal'),
(628, 1, 35.00, '2025-07-31 22:17:17', 'normal'),
(629, 2, 5.60, '2025-07-31 22:17:17', 'normal'),
(630, 3, 0.00, '2025-07-31 22:17:17', 'normal'),
(631, 1, 35.00, '2025-07-31 22:17:22', 'normal'),
(632, 2, 5.40, '2025-07-31 22:17:22', 'normal'),
(633, 3, 0.00, '2025-07-31 22:17:22', 'normal'),
(634, 1, 35.00, '2025-07-31 22:17:27', 'normal'),
(635, 2, 5.30, '2025-07-31 22:17:27', 'normal'),
(636, 3, 0.00, '2025-07-31 22:17:27', 'normal'),
(637, 1, 35.00, '2025-07-31 22:17:33', 'normal'),
(638, 2, 5.10, '2025-07-31 22:17:33', 'normal'),
(639, 3, 0.00, '2025-07-31 22:17:33', 'normal'),
(640, 1, 35.00, '2025-07-31 22:17:38', 'normal'),
(641, 2, 5.10, '2025-07-31 22:17:38', 'normal'),
(642, 3, 0.00, '2025-07-31 22:17:38', 'normal'),
(643, 1, 35.00, '2025-07-31 22:17:43', 'normal'),
(644, 2, 5.10, '2025-07-31 22:17:43', 'normal'),
(645, 3, 0.00, '2025-07-31 22:17:43', 'normal'),
(646, 1, 35.00, '2025-07-31 22:17:48', 'normal'),
(647, 2, 5.10, '2025-07-31 22:17:48', 'normal'),
(648, 3, 0.00, '2025-07-31 22:17:48', 'normal'),
(649, 1, 34.90, '2025-07-31 22:17:53', 'normal'),
(650, 2, 5.10, '2025-07-31 22:17:53', 'normal'),
(651, 3, 0.00, '2025-07-31 22:17:53', 'normal'),
(652, 1, 34.90, '2025-07-31 22:17:59', 'normal'),
(653, 2, 5.10, '2025-07-31 22:17:59', 'normal'),
(654, 3, 0.00, '2025-07-31 22:17:59', 'normal'),
(655, 1, 34.90, '2025-07-31 22:18:04', 'normal'),
(656, 2, 5.10, '2025-07-31 22:18:04', 'normal'),
(657, 3, 0.00, '2025-07-31 22:18:04', 'normal'),
(658, 1, 34.80, '2025-07-31 22:18:09', 'normal'),
(659, 2, 5.10, '2025-07-31 22:18:09', 'normal'),
(660, 3, 82.00, '2025-07-31 22:18:09', 'normal'),
(661, 1, 34.80, '2025-07-31 22:18:14', 'normal'),
(662, 2, 5.00, '2025-07-31 22:18:14', 'normal'),
(663, 3, 80.00, '2025-07-31 22:18:14', 'normal'),
(664, 1, 34.80, '2025-07-31 22:18:19', 'normal'),
(665, 2, 5.00, '2025-07-31 22:18:19', 'normal'),
(666, 3, 0.00, '2025-07-31 22:18:19', 'normal'),
(667, 1, 34.80, '2025-07-31 22:18:25', 'normal'),
(668, 2, 5.00, '2025-07-31 22:18:25', 'normal'),
(669, 3, 0.00, '2025-07-31 22:18:25', 'normal'),
(670, 1, 34.70, '2025-07-31 22:18:30', 'normal'),
(671, 2, 5.00, '2025-07-31 22:18:30', 'normal'),
(672, 3, 0.00, '2025-07-31 22:18:30', 'normal'),
(673, 1, 34.70, '2025-07-31 22:18:35', 'normal'),
(674, 2, 5.00, '2025-07-31 22:18:35', 'normal'),
(675, 3, 0.00, '2025-07-31 22:18:35', 'normal'),
(676, 1, 34.60, '2025-07-31 22:18:40', 'normal'),
(677, 2, 5.00, '2025-07-31 22:18:40', 'normal'),
(678, 3, 0.00, '2025-07-31 22:18:40', 'normal'),
(679, 1, 34.60, '2025-07-31 22:18:45', 'normal'),
(680, 2, 5.00, '2025-07-31 22:18:45', 'normal'),
(681, 3, 21.00, '2025-07-31 22:18:45', 'normal'),
(682, 1, 34.60, '2025-07-31 22:18:50', 'normal'),
(683, 2, 5.00, '2025-07-31 22:18:50', 'normal'),
(684, 3, 0.00, '2025-07-31 22:18:50', 'normal'),
(685, 1, 34.60, '2025-07-31 22:18:56', 'normal'),
(686, 2, 5.00, '2025-07-31 22:18:56', 'normal'),
(687, 3, 0.00, '2025-07-31 22:18:56', 'normal'),
(688, 1, 34.60, '2025-07-31 22:19:01', 'normal'),
(689, 2, 5.00, '2025-07-31 22:19:01', 'normal'),
(690, 3, 0.00, '2025-07-31 22:19:01', 'normal'),
(691, 1, 34.60, '2025-07-31 22:19:08', 'normal'),
(692, 2, 5.00, '2025-07-31 22:19:08', 'normal'),
(693, 3, 0.00, '2025-07-31 22:19:08', 'normal'),
(694, 1, 34.60, '2025-07-31 22:19:14', 'normal'),
(695, 2, 5.00, '2025-07-31 22:19:14', 'normal'),
(696, 3, 0.00, '2025-07-31 22:19:14', 'normal'),
(697, 1, 34.60, '2025-07-31 22:19:19', 'normal'),
(698, 2, 5.00, '2025-07-31 22:19:19', 'normal'),
(699, 3, 0.00, '2025-07-31 22:19:19', 'normal'),
(700, 1, 34.60, '2025-07-31 22:19:24', 'normal'),
(701, 2, 5.00, '2025-07-31 22:19:24', 'normal'),
(702, 3, 0.00, '2025-07-31 22:19:24', 'normal'),
(703, 1, 34.60, '2025-07-31 22:19:29', 'normal'),
(704, 2, 5.10, '2025-07-31 22:19:29', 'normal'),
(705, 3, 0.00, '2025-07-31 22:19:29', 'normal'),
(706, 1, 34.60, '2025-07-31 22:19:35', 'normal'),
(707, 2, 5.10, '2025-07-31 22:19:35', 'normal'),
(708, 3, 0.00, '2025-07-31 22:19:35', 'normal'),
(709, 1, 34.60, '2025-07-31 22:19:40', 'normal'),
(710, 2, 5.30, '2025-07-31 22:19:40', 'normal'),
(711, 3, 0.00, '2025-07-31 22:19:40', 'normal'),
(712, 1, 34.60, '2025-07-31 22:19:45', 'normal'),
(713, 2, 5.30, '2025-07-31 22:19:45', 'normal'),
(714, 3, 0.00, '2025-07-31 22:19:45', 'normal'),
(715, 1, 34.50, '2025-07-31 22:19:50', 'normal'),
(716, 2, 5.30, '2025-07-31 22:19:50', 'normal'),
(717, 3, 0.00, '2025-07-31 22:19:50', 'normal'),
(718, 1, 34.60, '2025-07-31 22:19:55', 'normal'),
(719, 2, 5.30, '2025-07-31 22:19:55', 'normal'),
(720, 3, 0.00, '2025-07-31 22:19:55', 'normal'),
(721, 1, 34.60, '2025-07-31 22:20:01', 'normal'),
(722, 2, 5.30, '2025-07-31 22:20:01', 'normal'),
(723, 3, 0.00, '2025-07-31 22:20:01', 'normal'),
(724, 1, 34.60, '2025-07-31 22:20:06', 'normal'),
(725, 2, 5.30, '2025-07-31 22:20:06', 'normal'),
(726, 3, 18.00, '2025-07-31 22:20:06', 'normal'),
(727, 1, 34.60, '2025-07-31 22:20:11', 'normal'),
(728, 2, 5.30, '2025-07-31 22:20:11', 'normal'),
(729, 3, 0.00, '2025-07-31 22:20:11', 'normal'),
(730, 1, 34.70, '2025-07-31 22:20:17', 'normal'),
(731, 2, 5.30, '2025-07-31 22:20:17', 'normal'),
(732, 3, 0.00, '2025-07-31 22:20:17', 'normal'),
(733, 1, 34.80, '2025-07-31 22:20:22', 'normal'),
(734, 2, 5.30, '2025-07-31 22:20:22', 'normal'),
(735, 3, 0.00, '2025-07-31 22:20:22', 'normal'),
(736, 1, 34.80, '2025-07-31 22:20:27', 'normal'),
(737, 2, 5.30, '2025-07-31 22:20:27', 'normal'),
(738, 3, 0.00, '2025-07-31 22:20:27', 'normal'),
(739, 1, 34.80, '2025-07-31 22:20:32', 'normal'),
(740, 2, 5.10, '2025-07-31 22:20:32', 'normal'),
(741, 3, 0.00, '2025-07-31 22:20:32', 'normal'),
(742, 1, 34.80, '2025-07-31 22:20:37', 'normal'),
(743, 2, 5.10, '2025-07-31 22:20:37', 'normal'),
(744, 3, 0.00, '2025-07-31 22:20:37', 'normal'),
(745, 1, 34.90, '2025-07-31 22:20:46', 'normal'),
(746, 2, 5.00, '2025-07-31 22:20:46', 'normal'),
(747, 3, 0.00, '2025-07-31 22:20:46', 'normal'),
(748, 1, 35.00, '2025-07-31 22:20:51', 'normal'),
(749, 2, 4.80, '2025-07-31 22:20:51', 'normal'),
(750, 3, 0.00, '2025-07-31 22:20:51', 'normal'),
(751, 1, 35.00, '2025-07-31 22:20:57', 'normal'),
(752, 2, 4.80, '2025-07-31 22:20:57', 'normal'),
(753, 3, 4.00, '2025-07-31 22:20:57', 'normal'),
(754, 1, 35.10, '2025-07-31 22:21:02', 'normal'),
(755, 2, 4.80, '2025-07-31 22:21:02', 'normal'),
(756, 3, 0.00, '2025-07-31 22:21:02', 'normal'),
(757, 1, 35.10, '2025-07-31 22:21:07', 'normal'),
(758, 2, 4.80, '2025-07-31 22:21:07', 'normal'),
(759, 3, 0.00, '2025-07-31 22:21:07', 'normal'),
(760, 1, 35.20, '2025-07-31 22:21:12', 'normal'),
(761, 2, 4.70, '2025-07-31 22:21:12', 'normal'),
(762, 3, 0.00, '2025-07-31 22:21:12', 'normal'),
(763, 1, 35.20, '2025-07-31 22:21:18', 'normal'),
(764, 2, 4.80, '2025-07-31 22:21:18', 'normal'),
(765, 3, 0.00, '2025-07-31 22:21:18', 'normal'),
(766, 1, 35.20, '2025-07-31 22:21:23', 'normal'),
(767, 2, 4.70, '2025-07-31 22:21:23', 'normal'),
(768, 3, 0.00, '2025-07-31 22:21:23', 'normal'),
(769, 1, 35.10, '2025-07-31 22:21:28', 'normal'),
(770, 2, 4.70, '2025-07-31 22:21:28', 'normal'),
(771, 3, 0.00, '2025-07-31 22:21:28', 'normal'),
(772, 1, 35.10, '2025-07-31 22:21:33', 'normal'),
(773, 2, 4.70, '2025-07-31 22:21:33', 'normal'),
(774, 3, 0.00, '2025-07-31 22:21:33', 'normal'),
(775, 1, 35.00, '2025-07-31 22:21:41', 'normal'),
(776, 2, 4.70, '2025-07-31 22:21:42', 'normal'),
(777, 3, 0.00, '2025-07-31 22:21:42', 'normal'),
(778, 1, 35.00, '2025-07-31 22:21:47', 'normal'),
(779, 2, 4.70, '2025-07-31 22:21:47', 'normal'),
(780, 3, 0.00, '2025-07-31 22:21:47', 'normal'),
(781, 1, 35.00, '2025-07-31 22:21:52', 'normal'),
(782, 2, 4.70, '2025-07-31 22:21:52', 'normal'),
(783, 3, 0.00, '2025-07-31 22:21:52', 'normal'),
(784, 1, 34.90, '2025-07-31 22:21:57', 'normal'),
(785, 2, 4.80, '2025-07-31 22:21:57', 'normal'),
(786, 3, 0.00, '2025-07-31 22:21:57', 'normal'),
(787, 1, 34.90, '2025-07-31 22:22:02', 'normal'),
(788, 2, 4.80, '2025-07-31 22:22:02', 'normal'),
(789, 3, 0.00, '2025-07-31 22:22:02', 'normal'),
(790, 1, 34.90, '2025-07-31 22:22:08', 'normal'),
(791, 2, 4.80, '2025-07-31 22:22:08', 'normal'),
(792, 3, 0.00, '2025-07-31 22:22:08', 'normal'),
(793, 1, 34.90, '2025-07-31 22:22:13', 'normal'),
(794, 2, 4.80, '2025-07-31 22:22:13', 'normal'),
(795, 3, 0.00, '2025-07-31 22:22:13', 'normal'),
(796, 1, 34.90, '2025-07-31 22:22:18', 'normal'),
(797, 2, 4.80, '2025-07-31 22:22:18', 'normal'),
(798, 3, 0.00, '2025-07-31 22:22:18', 'normal'),
(799, 1, 34.90, '2025-07-31 22:22:23', 'normal'),
(800, 2, 4.80, '2025-07-31 22:22:23', 'normal'),
(801, 3, 0.00, '2025-07-31 22:22:23', 'normal'),
(802, 1, 34.90, '2025-07-31 22:22:29', 'normal'),
(803, 2, 4.70, '2025-07-31 22:22:29', 'normal'),
(804, 3, 0.00, '2025-07-31 22:22:29', 'normal'),
(805, 1, 34.90, '2025-07-31 22:22:34', 'normal'),
(806, 2, 4.70, '2025-07-31 22:22:34', 'normal'),
(807, 3, 0.00, '2025-07-31 22:22:34', 'normal'),
(808, 1, 34.90, '2025-07-31 22:22:39', 'normal'),
(809, 2, 4.70, '2025-07-31 22:22:39', 'normal'),
(810, 3, 0.00, '2025-07-31 22:22:39', 'normal'),
(811, 1, 34.90, '2025-07-31 22:22:44', 'normal'),
(812, 2, 4.50, '2025-07-31 22:22:44', 'normal'),
(813, 3, 0.00, '2025-07-31 22:22:44', 'normal'),
(814, 1, 34.80, '2025-07-31 22:22:49', 'normal'),
(815, 2, 4.40, '2025-07-31 22:22:49', 'normal'),
(816, 3, 0.00, '2025-07-31 22:22:49', 'normal'),
(817, 1, 34.80, '2025-07-31 22:22:57', 'normal'),
(818, 2, 4.40, '2025-07-31 22:22:57', 'normal'),
(819, 3, 0.00, '2025-07-31 22:22:57', 'normal'),
(820, 1, 34.70, '2025-07-31 22:23:06', 'normal'),
(821, 2, 4.50, '2025-07-31 22:23:06', 'normal'),
(822, 3, 37.00, '2025-07-31 22:23:06', 'normal'),
(823, 1, 34.60, '2025-07-31 22:23:11', 'normal'),
(824, 2, 4.80, '2025-07-31 22:23:11', 'normal'),
(825, 3, 0.00, '2025-07-31 22:23:11', 'normal'),
(826, 1, 34.60, '2025-07-31 22:23:20', 'normal'),
(827, 2, 4.80, '2025-07-31 22:23:20', 'normal'),
(828, 3, 0.00, '2025-07-31 22:23:20', 'normal'),
(829, 1, 34.60, '2025-07-31 22:23:25', 'normal'),
(830, 2, 4.80, '2025-07-31 22:23:25', 'normal'),
(831, 3, 0.00, '2025-07-31 22:23:25', 'normal'),
(832, 1, 34.60, '2025-07-31 22:23:30', 'normal'),
(833, 2, 4.80, '2025-07-31 22:23:30', 'normal'),
(834, 3, 0.00, '2025-07-31 22:23:30', 'normal'),
(835, 1, 34.60, '2025-07-31 22:23:35', 'normal'),
(836, 2, 4.80, '2025-07-31 22:23:35', 'normal'),
(837, 3, 0.00, '2025-07-31 22:23:35', 'normal'),
(838, 1, 34.60, '2025-07-31 22:23:40', 'normal'),
(839, 2, 4.80, '2025-07-31 22:23:40', 'normal'),
(840, 3, 0.00, '2025-07-31 22:23:40', 'normal'),
(841, 1, 34.70, '2025-07-31 22:23:45', 'normal'),
(842, 2, 4.80, '2025-07-31 22:23:45', 'normal'),
(843, 3, 0.00, '2025-07-31 22:23:45', 'normal'),
(844, 1, 34.70, '2025-07-31 22:23:51', 'normal'),
(845, 2, 4.80, '2025-07-31 22:23:51', 'normal'),
(846, 3, 0.00, '2025-07-31 22:23:51', 'normal'),
(847, 1, 34.60, '2025-07-31 22:23:56', 'normal'),
(848, 2, 4.70, '2025-07-31 22:23:56', 'normal'),
(849, 3, 0.00, '2025-07-31 22:23:56', 'normal'),
(850, 1, 34.60, '2025-07-31 22:24:01', 'normal'),
(851, 2, 4.70, '2025-07-31 22:24:01', 'normal'),
(852, 3, 0.00, '2025-07-31 22:24:01', 'normal'),
(853, 1, 34.60, '2025-07-31 22:24:06', 'normal'),
(854, 2, 4.70, '2025-07-31 22:24:06', 'normal'),
(855, 3, 0.00, '2025-07-31 22:24:06', 'normal'),
(856, 1, 34.60, '2025-07-31 22:24:12', 'normal'),
(857, 2, 4.70, '2025-07-31 22:24:12', 'normal'),
(858, 3, 0.00, '2025-07-31 22:24:12', 'normal'),
(859, 1, 34.60, '2025-07-31 22:24:17', 'normal'),
(860, 2, 4.70, '2025-07-31 22:24:17', 'normal'),
(861, 3, 0.00, '2025-07-31 22:24:17', 'normal'),
(862, 1, 34.60, '2025-07-31 22:24:22', 'normal'),
(863, 2, 4.50, '2025-07-31 22:24:22', 'normal'),
(864, 3, 0.00, '2025-07-31 22:24:22', 'normal'),
(865, 1, 34.60, '2025-07-31 22:24:27', 'normal'),
(866, 2, 4.70, '2025-07-31 22:24:27', 'normal'),
(867, 3, 0.00, '2025-07-31 22:24:27', 'normal'),
(868, 1, 34.60, '2025-07-31 22:24:32', 'normal'),
(869, 2, 4.80, '2025-07-31 22:24:32', 'normal'),
(870, 3, 0.00, '2025-07-31 22:24:32', 'normal'),
(871, 1, 34.60, '2025-07-31 22:24:37', 'normal'),
(872, 2, 4.80, '2025-07-31 22:24:37', 'normal'),
(873, 3, 0.00, '2025-07-31 22:24:37', 'normal'),
(874, 1, 34.60, '2025-07-31 22:24:43', 'normal'),
(875, 2, 4.80, '2025-07-31 22:24:43', 'normal'),
(876, 3, 0.00, '2025-07-31 22:24:43', 'normal'),
(877, 1, 34.60, '2025-07-31 22:24:48', 'normal'),
(878, 2, 4.80, '2025-07-31 22:24:48', 'normal'),
(879, 3, 33.00, '2025-07-31 22:24:48', 'normal'),
(880, 1, 34.60, '2025-07-31 22:24:53', 'normal'),
(881, 2, 4.80, '2025-07-31 22:24:53', 'normal'),
(882, 3, 16.00, '2025-07-31 22:24:53', 'normal'),
(883, 1, 34.60, '2025-07-31 22:24:58', 'normal'),
(884, 2, 4.80, '2025-07-31 22:24:58', 'normal'),
(885, 3, 0.00, '2025-07-31 22:24:58', 'normal'),
(886, 1, 34.60, '2025-07-31 22:25:03', 'normal'),
(887, 2, 4.80, '2025-07-31 22:25:03', 'normal'),
(888, 3, 0.00, '2025-07-31 22:25:03', 'normal'),
(889, 1, 34.60, '2025-07-31 22:25:08', 'normal'),
(890, 2, 4.80, '2025-07-31 22:25:08', 'normal'),
(891, 3, 0.00, '2025-07-31 22:25:08', 'normal'),
(892, 1, 34.50, '2025-07-31 22:25:13', 'normal'),
(893, 2, 4.80, '2025-07-31 22:25:13', 'normal'),
(894, 3, 1.00, '2025-07-31 22:25:13', 'normal'),
(895, 1, 34.50, '2025-07-31 22:25:19', 'normal'),
(896, 2, 4.80, '2025-07-31 22:25:19', 'normal'),
(897, 3, 0.00, '2025-07-31 22:25:19', 'normal'),
(898, 1, 34.50, '2025-07-31 22:25:24', 'normal'),
(899, 2, 4.80, '2025-07-31 22:25:24', 'normal'),
(900, 3, 48.00, '2025-07-31 22:25:24', 'normal'),
(901, 1, 34.40, '2025-07-31 22:25:29', 'normal'),
(902, 2, 4.80, '2025-07-31 22:25:29', 'normal'),
(903, 3, 0.00, '2025-07-31 22:25:29', 'normal'),
(904, 1, 34.40, '2025-07-31 22:25:35', 'normal'),
(905, 2, 4.80, '2025-07-31 22:25:35', 'normal'),
(906, 3, 0.00, '2025-07-31 22:25:35', 'normal'),
(907, 1, 34.50, '2025-07-31 22:25:40', 'normal'),
(908, 2, 4.80, '2025-07-31 22:25:40', 'normal'),
(909, 3, 0.00, '2025-07-31 22:25:40', 'normal'),
(910, 1, 34.50, '2025-07-31 22:25:45', 'normal'),
(911, 2, 4.80, '2025-07-31 22:25:45', 'normal'),
(912, 3, 0.00, '2025-07-31 22:25:45', 'normal'),
(913, 1, 34.50, '2025-07-31 22:25:50', 'normal'),
(914, 2, 4.80, '2025-07-31 22:25:50', 'normal'),
(915, 3, 0.00, '2025-07-31 22:25:50', 'normal'),
(916, 1, 34.50, '2025-07-31 22:25:55', 'normal'),
(917, 2, 4.80, '2025-07-31 22:25:55', 'normal'),
(918, 3, 0.00, '2025-07-31 22:25:55', 'normal'),
(919, 1, 34.50, '2025-07-31 22:26:00', 'normal'),
(920, 2, 4.80, '2025-07-31 22:26:00', 'normal'),
(921, 3, 0.00, '2025-07-31 22:26:00', 'normal'),
(922, 1, 34.50, '2025-07-31 22:26:06', 'normal'),
(923, 2, 4.80, '2025-07-31 22:26:06', 'normal'),
(924, 3, 0.00, '2025-07-31 22:26:06', 'normal'),
(925, 1, 34.50, '2025-07-31 22:26:11', 'normal'),
(926, 2, 4.80, '2025-07-31 22:26:11', 'normal'),
(927, 3, 0.00, '2025-07-31 22:26:11', 'normal'),
(928, 1, 17.50, '2025-07-31 22:40:50', 'normal'),
(929, 2, 37.00, '2025-07-31 22:40:50', 'normal'),
(930, 3, 288.00, '2025-07-31 22:40:50', 'normal'),
(931, 1, 18.70, '2025-07-31 22:40:55', 'normal'),
(932, 2, 37.00, '2025-07-31 22:40:55', 'normal'),
(933, 3, 0.00, '2025-07-31 22:40:55', 'normal'),
(934, 1, 20.00, '2025-07-31 22:41:00', 'normal'),
(935, 2, 36.70, '2025-07-31 22:41:00', 'normal'),
(936, 3, 0.00, '2025-07-31 22:41:00', 'normal'),
(937, 1, 21.20, '2025-07-31 22:41:06', 'normal'),
(938, 2, 36.40, '2025-07-31 22:41:06', 'normal'),
(939, 3, 0.00, '2025-07-31 22:41:06', 'normal'),
(940, 1, 22.40, '2025-07-31 22:41:11', 'normal'),
(941, 2, 35.80, '2025-07-31 22:41:11', 'normal'),
(942, 3, 0.00, '2025-07-31 22:41:11', 'normal'),
(943, 1, 23.20, '2025-07-31 22:41:16', 'normal'),
(944, 2, 35.10, '2025-07-31 22:41:16', 'normal'),
(945, 3, 0.00, '2025-07-31 22:41:16', 'normal'),
(946, 1, 23.90, '2025-07-31 22:41:21', 'normal'),
(947, 2, 34.50, '2025-07-31 22:41:21', 'normal'),
(948, 3, 0.00, '2025-07-31 22:41:21', 'normal'),
(949, 1, 24.50, '2025-07-31 22:41:29', 'normal'),
(950, 2, 33.40, '2025-07-31 22:41:29', 'normal'),
(951, 3, 283.00, '2025-07-31 22:41:29', 'normal'),
(952, 1, 24.80, '2025-07-31 22:41:34', 'normal'),
(953, 2, 32.80, '2025-07-31 22:41:34', 'normal'),
(954, 3, 0.00, '2025-07-31 22:41:34', 'normal'),
(955, 1, 25.20, '2025-07-31 22:41:40', 'normal'),
(956, 2, 32.20, '2025-07-31 22:41:40', 'normal'),
(957, 3, 0.00, '2025-07-31 22:41:40', 'normal'),
(958, 1, 25.80, '2025-07-31 22:41:45', 'normal'),
(959, 2, 31.70, '2025-07-31 22:41:45', 'normal'),
(960, 3, 0.00, '2025-07-31 22:41:45', 'normal'),
(961, 1, 26.30, '2025-07-31 22:41:50', 'normal'),
(962, 2, 31.20, '2025-07-31 22:41:50', 'normal'),
(963, 3, 0.00, '2025-07-31 22:41:50', 'normal'),
(964, 1, 26.80, '2025-07-31 22:41:55', 'normal'),
(965, 2, 30.70, '2025-07-31 22:41:55', 'normal'),
(966, 3, 0.00, '2025-07-31 22:41:55', 'normal'),
(967, 1, 27.10, '2025-07-31 22:42:01', 'normal'),
(968, 2, 30.20, '2025-07-31 22:42:01', 'normal'),
(969, 3, 0.00, '2025-07-31 22:42:01', 'normal'),
(970, 1, 27.60, '2025-07-31 22:42:06', 'normal'),
(971, 2, 29.20, '2025-07-31 22:42:06', 'normal'),
(972, 3, 0.00, '2025-07-31 22:42:06', 'normal'),
(973, 1, 27.90, '2025-07-31 22:42:11', 'normal'),
(974, 2, 28.10, '2025-07-31 22:42:11', 'normal'),
(975, 3, 0.00, '2025-07-31 22:42:11', 'normal'),
(976, 1, 28.20, '2025-07-31 22:42:17', 'normal'),
(977, 2, 26.50, '2025-07-31 22:42:17', 'normal'),
(978, 3, 0.00, '2025-07-31 22:42:17', 'normal'),
(979, 1, 28.40, '2025-07-31 22:42:22', 'normal'),
(980, 2, 25.50, '2025-07-31 22:42:22', 'normal'),
(981, 3, 0.00, '2025-07-31 22:42:22', 'normal'),
(982, 1, 28.70, '2025-07-31 22:42:27', 'normal'),
(983, 2, 24.60, '2025-07-31 22:42:27', 'normal'),
(984, 3, 0.00, '2025-07-31 22:42:27', 'normal'),
(985, 1, 28.90, '2025-07-31 22:42:32', 'normal'),
(986, 2, 23.70, '2025-07-31 22:42:32', 'normal'),
(987, 3, 0.00, '2025-07-31 22:42:32', 'normal'),
(988, 1, 29.00, '2025-07-31 22:42:38', 'normal'),
(989, 2, 22.60, '2025-07-31 22:42:38', 'normal'),
(990, 3, 0.00, '2025-07-31 22:42:38', 'normal'),
(991, 1, 29.20, '2025-07-31 22:42:43', 'normal'),
(992, 2, 22.00, '2025-07-31 22:42:43', 'normal'),
(993, 3, 0.00, '2025-07-31 22:42:43', 'normal'),
(994, 1, 29.40, '2025-07-31 22:42:48', 'normal'),
(995, 2, 21.50, '2025-07-31 22:42:48', 'normal'),
(996, 3, 0.00, '2025-07-31 22:42:48', 'normal'),
(997, 1, 29.60, '2025-07-31 22:42:54', 'normal'),
(998, 2, 21.00, '2025-07-31 22:42:54', 'normal'),
(999, 3, 0.00, '2025-07-31 22:42:54', 'normal'),
(1000, 1, 29.80, '2025-07-31 22:42:59', 'normal'),
(1001, 2, 20.60, '2025-07-31 22:42:59', 'normal'),
(1002, 3, 0.00, '2025-07-31 22:42:59', 'normal'),
(1003, 1, 30.00, '2025-07-31 22:43:04', 'normal'),
(1004, 2, 20.30, '2025-07-31 22:43:04', 'normal'),
(1005, 3, 0.00, '2025-07-31 22:43:04', 'normal'),
(1006, 1, 30.00, '2025-07-31 22:43:09', 'normal'),
(1007, 2, 19.60, '2025-07-31 22:43:09', 'normal'),
(1008, 3, 0.00, '2025-07-31 22:43:09', 'normal'),
(1009, 1, 30.30, '2025-07-31 22:43:15', 'normal'),
(1010, 2, 19.20, '2025-07-31 22:43:15', 'normal'),
(1011, 3, 0.00, '2025-07-31 22:43:15', 'normal'),
(1012, 1, 30.50, '2025-07-31 22:43:20', 'normal'),
(1013, 2, 18.40, '2025-07-31 22:43:20', 'normal'),
(1014, 3, 0.00, '2025-07-31 22:43:20', 'normal'),
(1015, 1, 30.60, '2025-07-31 22:43:25', 'normal'),
(1016, 2, 17.70, '2025-07-31 22:43:25', 'normal'),
(1017, 3, 0.00, '2025-07-31 22:43:25', 'normal'),
(1018, 1, 30.70, '2025-07-31 22:43:31', 'normal'),
(1019, 2, 16.80, '2025-07-31 22:43:31', 'normal'),
(1020, 3, 0.00, '2025-07-31 22:43:31', 'normal'),
(1021, 1, 30.70, '2025-07-31 22:43:36', 'normal'),
(1022, 2, 16.30, '2025-07-31 22:43:36', 'normal'),
(1023, 3, 0.00, '2025-07-31 22:43:36', 'normal'),
(1024, 1, 30.80, '2025-07-31 22:43:41', 'normal'),
(1025, 2, 15.20, '2025-07-31 22:43:41', 'normal'),
(1026, 3, 0.00, '2025-07-31 22:43:41', 'normal'),
(1027, 1, 30.80, '2025-07-31 22:43:46', 'normal'),
(1028, 2, 14.70, '2025-07-31 22:43:46', 'normal'),
(1029, 3, 0.00, '2025-07-31 22:43:46', 'normal'),
(1030, 1, 30.90, '2025-07-31 22:43:51', 'normal'),
(1031, 2, 14.30, '2025-07-31 22:43:51', 'normal'),
(1032, 3, 0.00, '2025-07-31 22:43:51', 'normal'),
(1033, 1, 31.00, '2025-07-31 22:43:57', 'normal'),
(1034, 2, 13.30, '2025-07-31 22:43:57', 'normal'),
(1035, 3, 0.00, '2025-07-31 22:43:57', 'normal'),
(1036, 1, 31.10, '2025-07-31 22:44:02', 'normal'),
(1037, 2, 13.20, '2025-07-31 22:44:02', 'normal'),
(1038, 3, 0.00, '2025-07-31 22:44:02', 'normal'),
(1039, 1, 31.20, '2025-07-31 22:44:07', 'normal'),
(1040, 2, 12.80, '2025-07-31 22:44:07', 'normal'),
(1041, 3, 0.00, '2025-07-31 22:44:07', 'normal'),
(1042, 1, 31.20, '2025-07-31 22:44:13', 'normal'),
(1043, 2, 12.50, '2025-07-31 22:44:13', 'normal'),
(1044, 3, 0.00, '2025-07-31 22:44:13', 'normal'),
(1045, 1, 31.20, '2025-07-31 22:44:18', 'normal'),
(1046, 2, 12.00, '2025-07-31 22:44:18', 'normal'),
(1047, 3, 0.00, '2025-07-31 22:44:18', 'normal'),
(1048, 1, 31.30, '2025-07-31 22:44:23', 'normal'),
(1049, 2, 11.80, '2025-07-31 22:44:23', 'normal'),
(1050, 3, 0.00, '2025-07-31 22:44:23', 'normal'),
(1051, 1, 31.30, '2025-07-31 22:44:28', 'normal'),
(1052, 2, 11.50, '2025-07-31 22:44:28', 'normal'),
(1053, 3, 0.00, '2025-07-31 22:44:28', 'normal'),
(1054, 1, 31.30, '2025-07-31 22:44:33', 'normal'),
(1055, 2, 11.10, '2025-07-31 22:44:33', 'normal'),
(1056, 3, 0.00, '2025-07-31 22:44:33', 'normal'),
(1057, 1, 31.30, '2025-07-31 22:44:39', 'normal'),
(1058, 2, 10.80, '2025-07-31 22:44:39', 'normal'),
(1059, 3, 0.00, '2025-07-31 22:44:39', 'normal'),
(1060, 1, 31.40, '2025-07-31 22:44:44', 'normal'),
(1061, 2, 10.60, '2025-07-31 22:44:44', 'normal'),
(1062, 3, 0.00, '2025-07-31 22:44:44', 'normal'),
(1063, 1, 31.40, '2025-07-31 22:44:49', 'normal'),
(1064, 2, 10.50, '2025-07-31 22:44:49', 'normal'),
(1065, 3, 0.00, '2025-07-31 22:44:49', 'normal'),
(1066, 1, 31.50, '2025-07-31 22:44:54', 'normal'),
(1067, 2, 10.50, '2025-07-31 22:44:54', 'normal'),
(1068, 3, 0.00, '2025-07-31 22:44:54', 'normal'),
(1069, 1, 31.50, '2025-07-31 22:45:00', 'normal'),
(1070, 2, 10.10, '2025-07-31 22:45:00', 'normal'),
(1071, 3, 0.00, '2025-07-31 22:45:00', 'normal'),
(1072, 1, 31.50, '2025-07-31 22:45:05', 'normal'),
(1073, 2, 10.10, '2025-07-31 22:45:05', 'normal'),
(1074, 3, 0.00, '2025-07-31 22:45:05', 'normal'),
(1075, 1, 31.50, '2025-07-31 22:45:10', 'normal'),
(1076, 2, 10.00, '2025-07-31 22:45:10', 'normal'),
(1077, 3, 0.00, '2025-07-31 22:45:10', 'normal'),
(1078, 1, 31.60, '2025-07-31 22:45:15', 'normal'),
(1079, 2, 9.90, '2025-07-31 22:45:15', 'normal'),
(1080, 3, 0.00, '2025-07-31 22:45:15', 'normal'),
(1081, 1, 31.60, '2025-07-31 22:45:21', 'normal'),
(1082, 2, 9.70, '2025-07-31 22:45:21', 'normal'),
(1083, 3, 0.00, '2025-07-31 22:45:21', 'normal'),
(1084, 1, 31.50, '2025-07-31 22:45:26', 'normal'),
(1085, 2, 9.50, '2025-07-31 22:45:26', 'normal'),
(1086, 3, 0.00, '2025-07-31 22:45:26', 'normal'),
(1087, 1, 31.50, '2025-07-31 22:45:31', 'normal'),
(1088, 2, 9.40, '2025-07-31 22:45:31', 'normal'),
(1089, 3, 0.00, '2025-07-31 22:45:31', 'normal'),
(1090, 1, 31.50, '2025-07-31 22:45:36', 'normal'),
(1091, 2, 9.40, '2025-07-31 22:45:36', 'normal'),
(1092, 3, 0.00, '2025-07-31 22:45:36', 'normal'),
(1093, 1, 31.50, '2025-07-31 22:45:41', 'normal'),
(1094, 2, 9.20, '2025-07-31 22:45:41', 'normal'),
(1095, 3, 0.00, '2025-07-31 22:45:41', 'normal'),
(1096, 1, 31.40, '2025-07-31 22:45:47', 'normal'),
(1097, 2, 9.20, '2025-07-31 22:45:47', 'normal'),
(1098, 3, 0.00, '2025-07-31 22:45:47', 'normal'),
(1099, 1, 31.40, '2025-07-31 22:45:52', 'normal'),
(1100, 2, 9.00, '2025-07-31 22:45:52', 'normal'),
(1101, 3, 0.00, '2025-07-31 22:45:52', 'normal'),
(1102, 1, 31.50, '2025-07-31 22:45:57', 'normal'),
(1103, 2, 9.00, '2025-07-31 22:45:57', 'normal'),
(1104, 3, 0.00, '2025-07-31 22:45:57', 'normal'),
(1105, 1, 31.50, '2025-07-31 22:46:02', 'normal'),
(1106, 2, 9.00, '2025-07-31 22:46:02', 'normal'),
(1107, 3, 0.00, '2025-07-31 22:46:02', 'normal'),
(1108, 1, 31.60, '2025-07-31 22:46:07', 'normal'),
(1109, 2, 8.90, '2025-07-31 22:46:07', 'normal'),
(1110, 3, 0.00, '2025-07-31 22:46:07', 'normal'),
(1111, 1, 31.60, '2025-07-31 22:46:13', 'normal'),
(1112, 2, 8.90, '2025-07-31 22:46:13', 'normal'),
(1113, 3, 0.00, '2025-07-31 22:46:13', 'normal'),
(1114, 1, 31.60, '2025-07-31 22:46:18', 'normal'),
(1115, 2, 8.70, '2025-07-31 22:46:18', 'normal'),
(1116, 3, 0.00, '2025-07-31 22:46:18', 'normal'),
(1117, 1, 31.60, '2025-07-31 22:46:23', 'normal'),
(1118, 2, 8.70, '2025-07-31 22:46:23', 'normal'),
(1119, 3, 0.00, '2025-07-31 22:46:23', 'normal'),
(1120, 1, 31.60, '2025-07-31 22:46:28', 'normal'),
(1121, 2, 8.50, '2025-07-31 22:46:28', 'normal'),
(1122, 3, 0.00, '2025-07-31 22:46:28', 'normal'),
(1123, 1, 31.60, '2025-07-31 22:46:34', 'normal'),
(1124, 2, 8.50, '2025-07-31 22:46:34', 'normal'),
(1125, 3, 0.00, '2025-07-31 22:46:34', 'normal'),
(1126, 1, 31.60, '2025-07-31 22:46:39', 'normal'),
(1127, 2, 8.50, '2025-07-31 22:46:39', 'normal'),
(1128, 3, 0.00, '2025-07-31 22:46:39', 'normal'),
(1129, 1, 31.60, '2025-07-31 22:46:44', 'normal'),
(1130, 2, 8.50, '2025-07-31 22:46:44', 'normal'),
(1131, 3, 0.00, '2025-07-31 22:46:44', 'normal'),
(1132, 1, 31.60, '2025-07-31 22:46:49', 'normal'),
(1133, 2, 8.50, '2025-07-31 22:46:49', 'normal'),
(1134, 3, 0.00, '2025-07-31 22:46:49', 'normal'),
(1135, 1, 31.60, '2025-07-31 22:46:55', 'normal'),
(1136, 2, 8.50, '2025-07-31 22:46:55', 'normal'),
(1137, 3, 0.00, '2025-07-31 22:46:55', 'normal'),
(1138, 1, 31.60, '2025-07-31 22:47:00', 'normal'),
(1139, 2, 8.50, '2025-07-31 22:47:00', 'normal'),
(1140, 3, 0.00, '2025-07-31 22:47:00', 'normal'),
(1141, 1, 31.70, '2025-07-31 22:47:05', 'normal'),
(1142, 2, 8.50, '2025-07-31 22:47:05', 'normal'),
(1143, 3, 0.00, '2025-07-31 22:47:05', 'normal'),
(1144, 1, 31.70, '2025-07-31 22:47:10', 'normal'),
(1145, 2, 8.40, '2025-07-31 22:47:10', 'normal'),
(1146, 3, 0.00, '2025-07-31 22:47:10', 'normal'),
(1147, 1, 31.70, '2025-07-31 22:47:16', 'normal'),
(1148, 2, 8.40, '2025-07-31 22:47:16', 'normal'),
(1149, 3, 0.00, '2025-07-31 22:47:16', 'normal'),
(1150, 1, 31.80, '2025-07-31 22:47:21', 'normal'),
(1151, 2, 8.40, '2025-07-31 22:47:21', 'normal'),
(1152, 3, 0.00, '2025-07-31 22:47:21', 'normal'),
(1153, 1, 31.80, '2025-07-31 22:47:26', 'normal'),
(1154, 2, 8.40, '2025-07-31 22:47:26', 'normal'),
(1155, 3, 0.00, '2025-07-31 22:47:26', 'normal'),
(1156, 1, 31.90, '2025-07-31 22:47:31', 'normal'),
(1157, 2, 8.40, '2025-07-31 22:47:31', 'normal'),
(1158, 3, 0.00, '2025-07-31 22:47:31', 'normal'),
(1159, 1, 31.80, '2025-07-31 22:47:36', 'normal'),
(1160, 2, 8.20, '2025-07-31 22:47:36', 'normal'),
(1161, 3, 0.00, '2025-07-31 22:47:36', 'normal'),
(1162, 1, 31.80, '2025-07-31 22:47:42', 'normal'),
(1163, 2, 8.20, '2025-07-31 22:47:42', 'normal'),
(1164, 3, 0.00, '2025-07-31 22:47:42', 'normal'),
(1165, 1, 31.80, '2025-07-31 22:47:47', 'normal'),
(1166, 2, 8.20, '2025-07-31 22:47:47', 'normal'),
(1167, 3, 0.00, '2025-07-31 22:47:47', 'normal'),
(1168, 1, 31.80, '2025-07-31 22:47:52', 'normal'),
(1169, 2, 8.00, '2025-07-31 22:47:52', 'normal'),
(1170, 3, 0.00, '2025-07-31 22:47:52', 'normal'),
(1171, 1, 31.80, '2025-07-31 22:47:57', 'normal'),
(1172, 2, 8.00, '2025-07-31 22:47:57', 'normal'),
(1173, 3, 0.00, '2025-07-31 22:47:57', 'normal'),
(1174, 1, 31.70, '2025-07-31 22:48:03', 'normal'),
(1175, 2, 8.00, '2025-07-31 22:48:03', 'normal'),
(1176, 3, 0.00, '2025-07-31 22:48:03', 'normal'),
(1177, 1, 31.70, '2025-07-31 22:48:08', 'normal'),
(1178, 2, 8.00, '2025-07-31 22:48:08', 'normal'),
(1179, 3, 0.00, '2025-07-31 22:48:08', 'normal'),
(1180, 1, 31.60, '2025-07-31 22:48:13', 'normal'),
(1181, 2, 8.00, '2025-07-31 22:48:13', 'normal'),
(1182, 3, 0.00, '2025-07-31 22:48:13', 'normal'),
(1183, 1, 31.60, '2025-07-31 22:48:18', 'normal'),
(1184, 2, 8.00, '2025-07-31 22:48:18', 'normal'),
(1185, 3, 0.00, '2025-07-31 22:48:18', 'normal'),
(1186, 1, 31.60, '2025-07-31 22:48:23', 'normal'),
(1187, 2, 8.00, '2025-07-31 22:48:23', 'normal'),
(1188, 3, 0.00, '2025-07-31 22:48:23', 'normal'),
(1189, 1, 31.70, '2025-07-31 22:48:29', 'normal'),
(1190, 2, 8.00, '2025-07-31 22:48:29', 'normal'),
(1191, 3, 0.00, '2025-07-31 22:48:29', 'normal'),
(1192, 1, 31.80, '2025-07-31 22:48:34', 'normal'),
(1193, 2, 8.00, '2025-07-31 22:48:34', 'normal'),
(1194, 3, 0.00, '2025-07-31 22:48:34', 'normal'),
(1195, 1, 31.80, '2025-07-31 22:48:39', 'normal'),
(1196, 2, 8.00, '2025-07-31 22:48:39', 'normal'),
(1197, 3, 0.00, '2025-07-31 22:48:39', 'normal'),
(1198, 1, 31.70, '2025-07-31 22:48:44', 'normal'),
(1199, 2, 7.80, '2025-07-31 22:48:44', 'normal'),
(1200, 3, 0.00, '2025-07-31 22:48:44', 'normal'),
(1201, 1, 31.60, '2025-07-31 22:48:50', 'normal'),
(1202, 2, 7.80, '2025-07-31 22:48:50', 'normal'),
(1203, 3, 0.00, '2025-07-31 22:48:50', 'normal'),
(1204, 1, 31.60, '2025-07-31 22:48:55', 'normal'),
(1205, 2, 7.80, '2025-07-31 22:48:55', 'normal'),
(1206, 3, 0.00, '2025-07-31 22:48:55', 'normal'),
(1207, 1, 31.60, '2025-07-31 22:49:00', 'normal'),
(1208, 2, 7.70, '2025-07-31 22:49:00', 'normal'),
(1209, 3, 0.00, '2025-07-31 22:49:00', 'normal'),
(1210, 1, 31.60, '2025-07-31 22:49:05', 'normal'),
(1211, 2, 7.70, '2025-07-31 22:49:05', 'normal'),
(1212, 3, 0.00, '2025-07-31 22:49:05', 'normal'),
(1213, 1, 31.60, '2025-07-31 22:49:14', 'normal'),
(1214, 2, 7.70, '2025-07-31 22:49:14', 'normal'),
(1215, 3, 0.00, '2025-07-31 22:49:14', 'normal'),
(1216, 1, 31.60, '2025-07-31 22:49:19', 'normal'),
(1217, 2, 7.80, '2025-07-31 22:49:19', 'normal'),
(1218, 3, 0.00, '2025-07-31 22:49:19', 'normal'),
(1219, 1, 31.70, '2025-07-31 22:49:24', 'normal'),
(1220, 2, 7.80, '2025-07-31 22:49:24', 'normal'),
(1221, 3, 0.00, '2025-07-31 22:49:24', 'normal'),
(1222, 1, 31.70, '2025-07-31 22:49:30', 'normal'),
(1223, 2, 7.80, '2025-07-31 22:49:30', 'normal'),
(1224, 3, 0.00, '2025-07-31 22:49:30', 'normal'),
(1225, 1, 31.70, '2025-07-31 22:49:35', 'normal'),
(1226, 2, 7.80, '2025-07-31 22:49:35', 'normal'),
(1227, 3, 0.00, '2025-07-31 22:49:35', 'normal'),
(1228, 1, 31.70, '2025-07-31 22:49:40', 'normal'),
(1229, 2, 7.80, '2025-07-31 22:49:40', 'normal'),
(1230, 3, 0.00, '2025-07-31 22:49:40', 'normal'),
(1231, 1, 31.80, '2025-07-31 22:49:45', 'normal'),
(1232, 2, 7.80, '2025-07-31 22:49:45', 'normal'),
(1233, 3, 0.00, '2025-07-31 22:49:45', 'normal'),
(1234, 1, 31.80, '2025-07-31 22:49:50', 'normal'),
(1235, 2, 7.80, '2025-07-31 22:49:50', 'normal'),
(1236, 3, 0.00, '2025-07-31 22:49:50', 'normal'),
(1237, 1, 31.80, '2025-07-31 22:49:56', 'normal'),
(1238, 2, 7.80, '2025-07-31 22:49:56', 'normal'),
(1239, 3, 0.00, '2025-07-31 22:49:56', 'normal'),
(1240, 1, 31.80, '2025-07-31 22:50:01', 'normal'),
(1241, 2, 7.80, '2025-07-31 22:50:01', 'normal'),
(1242, 3, 0.00, '2025-07-31 22:50:01', 'normal'),
(1243, 1, 31.80, '2025-07-31 22:50:06', 'normal'),
(1244, 2, 7.70, '2025-07-31 22:50:06', 'normal'),
(1245, 3, 0.00, '2025-07-31 22:50:06', 'normal'),
(1246, 1, 31.80, '2025-07-31 22:50:11', 'normal'),
(1247, 2, 7.70, '2025-07-31 22:50:11', 'normal'),
(1248, 3, 0.00, '2025-07-31 22:50:11', 'normal'),
(1249, 1, 31.80, '2025-07-31 22:50:17', 'normal'),
(1250, 2, 7.50, '2025-07-31 22:50:17', 'normal'),
(1251, 3, 0.00, '2025-07-31 22:50:17', 'normal'),
(1252, 1, 31.80, '2025-07-31 22:50:22', 'normal'),
(1253, 2, 7.50, '2025-07-31 22:50:22', 'normal'),
(1254, 3, 0.00, '2025-07-31 22:50:22', 'normal'),
(1255, 1, 31.80, '2025-07-31 22:50:27', 'normal'),
(1256, 2, 7.50, '2025-07-31 22:50:27', 'normal'),
(1257, 3, 0.00, '2025-07-31 22:50:27', 'normal'),
(1258, 1, 31.80, '2025-07-31 22:50:32', 'normal'),
(1259, 2, 7.50, '2025-07-31 22:50:32', 'normal'),
(1260, 3, 0.00, '2025-07-31 22:50:32', 'normal'),
(1261, 1, 31.80, '2025-07-31 22:50:37', 'normal'),
(1262, 2, 7.50, '2025-07-31 22:50:37', 'normal'),
(1263, 3, 0.00, '2025-07-31 22:50:37', 'normal'),
(1264, 1, 31.70, '2025-07-31 22:50:43', 'normal'),
(1265, 2, 7.50, '2025-07-31 22:50:43', 'normal'),
(1266, 3, 0.00, '2025-07-31 22:50:43', 'normal'),
(1267, 1, 31.70, '2025-07-31 22:50:48', 'normal'),
(1268, 2, 7.50, '2025-07-31 22:50:48', 'normal'),
(1269, 3, 0.00, '2025-07-31 22:50:48', 'normal'),
(1270, 1, 31.70, '2025-07-31 22:50:53', 'normal'),
(1271, 2, 7.50, '2025-07-31 22:50:53', 'normal'),
(1272, 3, 0.00, '2025-07-31 22:50:53', 'normal'),
(1273, 1, 31.80, '2025-07-31 22:50:58', 'normal'),
(1274, 2, 7.50, '2025-07-31 22:50:58', 'normal'),
(1275, 3, 0.00, '2025-07-31 22:50:58', 'normal'),
(1276, 1, 31.80, '2025-07-31 22:51:04', 'normal'),
(1277, 2, 7.50, '2025-07-31 22:51:04', 'normal'),
(1278, 3, 0.00, '2025-07-31 22:51:04', 'normal'),
(1279, 1, 31.80, '2025-07-31 22:51:09', 'normal'),
(1280, 2, 7.50, '2025-07-31 22:51:09', 'normal'),
(1281, 3, 0.00, '2025-07-31 22:51:09', 'normal'),
(1282, 1, 31.80, '2025-07-31 22:51:14', 'normal'),
(1283, 2, 7.50, '2025-07-31 22:51:14', 'normal'),
(1284, 3, 0.00, '2025-07-31 22:51:14', 'normal'),
(1285, 1, 31.80, '2025-07-31 22:51:19', 'normal'),
(1286, 2, 7.50, '2025-07-31 22:51:19', 'normal'),
(1287, 3, 0.00, '2025-07-31 22:51:19', 'normal'),
(1288, 1, 31.90, '2025-07-31 22:51:25', 'normal'),
(1289, 2, 7.50, '2025-07-31 22:51:25', 'normal'),
(1290, 3, 0.00, '2025-07-31 22:51:25', 'normal'),
(1291, 1, 31.80, '2025-07-31 22:51:30', 'normal'),
(1292, 2, 7.50, '2025-07-31 22:51:30', 'normal'),
(1293, 3, 0.00, '2025-07-31 22:51:30', 'normal'),
(1294, 1, 31.80, '2025-07-31 22:51:35', 'normal'),
(1295, 2, 7.50, '2025-07-31 22:51:35', 'normal'),
(1296, 3, 0.00, '2025-07-31 22:51:35', 'normal'),
(1297, 1, 31.80, '2025-07-31 22:51:40', 'normal'),
(1298, 2, 7.50, '2025-07-31 22:51:40', 'normal'),
(1299, 3, 0.00, '2025-07-31 22:51:40', 'normal'),
(1300, 1, 31.80, '2025-07-31 22:51:46', 'normal'),
(1301, 2, 7.30, '2025-07-31 22:51:46', 'normal'),
(1302, 3, 0.00, '2025-07-31 22:51:46', 'normal'),
(1303, 1, 31.70, '2025-07-31 22:51:51', 'normal'),
(1304, 2, 7.30, '2025-07-31 22:51:51', 'normal'),
(1305, 3, 0.00, '2025-07-31 22:51:51', 'normal'),
(1306, 1, 31.80, '2025-07-31 22:51:56', 'normal'),
(1307, 2, 7.30, '2025-07-31 22:51:56', 'normal'),
(1308, 3, 0.00, '2025-07-31 22:51:56', 'normal'),
(1309, 1, 31.80, '2025-07-31 22:52:01', 'normal'),
(1310, 2, 7.50, '2025-07-31 22:52:01', 'normal'),
(1311, 3, 0.00, '2025-07-31 22:52:01', 'normal'),
(1312, 1, 31.90, '2025-07-31 22:52:06', 'normal'),
(1313, 2, 7.50, '2025-07-31 22:52:06', 'normal'),
(1314, 3, 0.00, '2025-07-31 22:52:06', 'normal'),
(1315, 1, 31.90, '2025-07-31 22:52:12', 'normal'),
(1316, 2, 7.30, '2025-07-31 22:52:12', 'normal'),
(1317, 3, 0.00, '2025-07-31 22:52:12', 'normal'),
(1318, 1, 31.90, '2025-07-31 22:52:17', 'normal'),
(1319, 2, 7.30, '2025-07-31 22:52:17', 'normal'),
(1320, 3, 0.00, '2025-07-31 22:52:17', 'normal'),
(1321, 1, 31.90, '2025-07-31 22:52:22', 'normal'),
(1322, 2, 7.30, '2025-07-31 22:52:22', 'normal'),
(1323, 3, 0.00, '2025-07-31 22:52:22', 'normal'),
(1324, 1, 31.80, '2025-07-31 22:52:27', 'normal'),
(1325, 2, 7.30, '2025-07-31 22:52:27', 'normal'),
(1326, 3, 0.00, '2025-07-31 22:52:27', 'normal'),
(1327, 1, 31.80, '2025-07-31 22:52:32', 'normal'),
(1328, 2, 7.30, '2025-07-31 22:52:32', 'normal'),
(1329, 3, 0.00, '2025-07-31 22:52:32', 'normal'),
(1330, 1, 31.80, '2025-07-31 22:52:37', 'normal'),
(1331, 2, 7.30, '2025-07-31 22:52:37', 'normal'),
(1332, 3, 0.00, '2025-07-31 22:52:37', 'normal'),
(1333, 1, 31.80, '2025-07-31 22:52:43', 'normal'),
(1334, 2, 7.30, '2025-07-31 22:52:43', 'normal'),
(1335, 3, 0.00, '2025-07-31 22:52:43', 'normal'),
(1336, 1, 31.90, '2025-07-31 22:52:48', 'normal'),
(1337, 2, 7.30, '2025-07-31 22:52:48', 'normal'),
(1338, 3, 0.00, '2025-07-31 22:52:48', 'normal'),
(1339, 1, 31.90, '2025-07-31 22:52:53', 'normal'),
(1340, 2, 7.30, '2025-07-31 22:52:53', 'normal'),
(1341, 3, 0.00, '2025-07-31 22:52:53', 'normal'),
(1342, 1, 31.90, '2025-07-31 22:52:58', 'normal'),
(1343, 2, 7.30, '2025-07-31 22:52:58', 'normal'),
(1344, 3, 0.00, '2025-07-31 22:52:58', 'normal'),
(1345, 1, 31.90, '2025-07-31 22:53:04', 'normal'),
(1346, 2, 7.30, '2025-07-31 22:53:04', 'normal'),
(1347, 3, 0.00, '2025-07-31 22:53:04', 'normal'),
(1348, 1, 31.80, '2025-07-31 22:53:09', 'normal'),
(1349, 2, 7.30, '2025-07-31 22:53:09', 'normal'),
(1350, 3, 0.00, '2025-07-31 22:53:09', 'normal'),
(1351, 1, 31.80, '2025-07-31 22:53:14', 'normal'),
(1352, 2, 7.20, '2025-07-31 22:53:14', 'normal'),
(1353, 3, 0.00, '2025-07-31 22:53:14', 'normal'),
(1354, 1, 31.80, '2025-07-31 22:53:20', 'normal'),
(1355, 2, 7.20, '2025-07-31 22:53:20', 'normal'),
(1356, 3, 0.00, '2025-07-31 22:53:20', 'normal'),
(1357, 1, 31.70, '2025-07-31 22:53:25', 'normal'),
(1358, 2, 7.20, '2025-07-31 22:53:25', 'normal'),
(1359, 3, 0.00, '2025-07-31 22:53:25', 'normal'),
(1360, 1, 31.70, '2025-07-31 22:53:30', 'normal'),
(1361, 2, 7.00, '2025-07-31 22:53:30', 'normal'),
(1362, 3, 0.00, '2025-07-31 22:53:30', 'normal'),
(1363, 1, 31.60, '2025-07-31 22:53:35', 'normal'),
(1364, 2, 7.00, '2025-07-31 22:53:35', 'normal'),
(1365, 3, 0.00, '2025-07-31 22:53:35', 'normal'),
(1366, 1, 31.60, '2025-07-31 22:53:40', 'normal'),
(1367, 2, 7.00, '2025-07-31 22:53:40', 'normal'),
(1368, 3, 0.00, '2025-07-31 22:53:40', 'normal'),
(1369, 1, 31.60, '2025-07-31 22:53:46', 'normal'),
(1370, 2, 6.80, '2025-07-31 22:53:46', 'normal'),
(1371, 3, 0.00, '2025-07-31 22:53:46', 'normal'),
(1372, 1, 31.50, '2025-07-31 22:53:53', 'normal'),
(1373, 2, 6.80, '2025-07-31 22:53:53', 'normal'),
(1374, 3, 0.00, '2025-07-31 22:53:53', 'normal'),
(1375, 1, 31.40, '2025-07-31 22:53:58', 'normal'),
(1376, 2, 6.80, '2025-07-31 22:53:58', 'normal'),
(1377, 3, 0.00, '2025-07-31 22:53:58', 'normal'),
(1378, 1, 31.30, '2025-07-31 22:54:03', 'normal'),
(1379, 2, 6.80, '2025-07-31 22:54:03', 'normal'),
(1380, 3, 0.00, '2025-07-31 22:54:03', 'normal'),
(1381, 1, 31.20, '2025-07-31 22:54:08', 'normal'),
(1382, 2, 6.80, '2025-07-31 22:54:08', 'normal'),
(1383, 3, 0.00, '2025-07-31 22:54:08', 'normal'),
(1384, 1, 31.20, '2025-07-31 22:54:13', 'normal'),
(1385, 2, 6.80, '2025-07-31 22:54:13', 'normal'),
(1386, 3, 0.00, '2025-07-31 22:54:13', 'normal'),
(1387, 1, 31.20, '2025-07-31 22:54:19', 'normal'),
(1388, 2, 6.80, '2025-07-31 22:54:19', 'normal'),
(1389, 3, 0.00, '2025-07-31 22:54:19', 'normal'),
(1390, 1, 31.30, '2025-07-31 22:54:27', 'normal'),
(1391, 2, 7.00, '2025-07-31 22:54:27', 'normal'),
(1392, 3, 0.00, '2025-07-31 22:54:27', 'normal'),
(1393, 1, 31.30, '2025-07-31 22:54:32', 'normal'),
(1394, 2, 7.00, '2025-07-31 22:54:32', 'normal'),
(1395, 3, 0.00, '2025-07-31 22:54:32', 'normal'),
(1396, 1, 31.30, '2025-07-31 22:54:37', 'normal'),
(1397, 2, 7.00, '2025-07-31 22:54:37', 'normal'),
(1398, 3, 0.00, '2025-07-31 22:54:37', 'normal'),
(1399, 1, 31.30, '2025-07-31 22:54:42', 'normal'),
(1400, 2, 7.00, '2025-07-31 22:54:43', 'normal'),
(1401, 3, 0.00, '2025-07-31 22:54:43', 'normal'),
(1402, 1, 31.30, '2025-07-31 22:54:48', 'normal'),
(1403, 2, 7.20, '2025-07-31 22:54:48', 'normal'),
(1404, 3, 0.00, '2025-07-31 22:54:48', 'normal'),
(1405, 1, 31.30, '2025-07-31 22:54:53', 'normal'),
(1406, 2, 7.20, '2025-07-31 22:54:53', 'normal'),
(1407, 3, 0.00, '2025-07-31 22:54:53', 'normal'),
(1408, 1, 31.30, '2025-07-31 22:54:58', 'normal'),
(1409, 2, 7.20, '2025-07-31 22:54:58', 'normal'),
(1410, 3, 0.00, '2025-07-31 22:54:58', 'normal'),
(1411, 1, 31.40, '2025-07-31 22:55:03', 'normal'),
(1412, 2, 7.20, '2025-07-31 22:55:03', 'normal'),
(1413, 3, 0.00, '2025-07-31 22:55:03', 'normal'),
(1414, 1, 31.40, '2025-07-31 22:55:08', 'normal'),
(1415, 2, 7.20, '2025-07-31 22:55:08', 'normal'),
(1416, 3, 0.00, '2025-07-31 22:55:08', 'normal'),
(1417, 1, 31.40, '2025-07-31 22:55:13', 'normal'),
(1418, 2, 7.20, '2025-07-31 22:55:13', 'normal'),
(1419, 3, 0.00, '2025-07-31 22:55:13', 'normal'),
(1420, 1, 31.30, '2025-07-31 22:55:19', 'normal'),
(1421, 2, 7.20, '2025-07-31 22:55:19', 'normal'),
(1422, 3, 0.00, '2025-07-31 22:55:19', 'normal'),
(1423, 1, 31.30, '2025-07-31 22:55:24', 'normal'),
(1424, 2, 7.30, '2025-07-31 22:55:24', 'normal'),
(1425, 3, 0.00, '2025-07-31 22:55:24', 'normal'),
(1426, 1, 31.30, '2025-07-31 22:55:29', 'normal'),
(1427, 2, 7.30, '2025-07-31 22:55:29', 'normal'),
(1428, 3, 0.00, '2025-07-31 22:55:29', 'normal'),
(1429, 1, 31.30, '2025-07-31 22:55:35', 'normal'),
(1430, 2, 7.30, '2025-07-31 22:55:35', 'normal'),
(1431, 3, 0.00, '2025-07-31 22:55:35', 'normal'),
(1432, 1, 31.30, '2025-07-31 22:55:40', 'normal'),
(1433, 2, 7.30, '2025-07-31 22:55:40', 'normal'),
(1434, 3, 0.00, '2025-07-31 22:55:40', 'normal'),
(1435, 1, 31.30, '2025-07-31 22:55:45', 'normal'),
(1436, 2, 7.30, '2025-07-31 22:55:45', 'normal'),
(1437, 3, 0.00, '2025-07-31 22:55:45', 'normal'),
(1438, 1, 31.30, '2025-07-31 22:55:50', 'normal'),
(1439, 2, 7.30, '2025-07-31 22:55:50', 'normal'),
(1440, 3, 0.00, '2025-07-31 22:55:50', 'normal'),
(1441, 1, 25.00, '2025-09-19 23:20:25', 'normal'),
(1442, 2, 79.00, '2025-09-19 23:20:25', 'normal'),
(1443, 3, 26.00, '2025-09-19 23:20:25', 'normal');

-- --------------------------------------------------------

--
-- Table structure for table `settings`
--

CREATE TABLE `settings` (
  `id` int(11) NOT NULL,
  `setting_key` varchar(100) NOT NULL,
  `setting_value` text DEFAULT NULL,
  `description` varchar(255) DEFAULT NULL,
  `created_at` timestamp NOT NULL DEFAULT current_timestamp(),
  `updated_at` timestamp NOT NULL DEFAULT current_timestamp() ON UPDATE current_timestamp()
) ENGINE=InnoDB DEFAULT CHARSET=utf8mb4 COLLATE=utf8mb4_general_ci;

--
-- Dumping data for table `settings`
--

INSERT INTO `settings` (`id`, `setting_key`, `setting_value`, `description`, `created_at`, `updated_at`) VALUES
(1, 'farm_name', 'Shantuka Farm', NULL, '2025-09-22 18:28:59', '2025-09-22 18:34:10'),
(2, 'timezone', 'UTC', NULL, '2025-09-22 18:28:59', '2025-09-22 18:34:10'),
(3, 'temperature_unit', 'celsius', NULL, '2025-09-22 18:28:59', '2025-09-22 18:34:10'),
(4, 'humidity_threshold', '70', NULL, '2025-09-22 18:28:59', '2025-09-22 18:34:10'),
(5, 'soil_moisture_threshold', '50', NULL, '2025-09-22 18:28:59', '2025-09-22 18:34:10'),
(6, 'notification_email', 'billzmusaka@gmail.com', NULL, '2025-09-22 18:28:59', '2025-09-22 18:34:10'),
(7, 'sensor_update_interval', '30', NULL, '2025-09-22 18:29:00', '2025-09-22 18:34:10'),
(8, 'data_retention_days', '365', NULL, '2025-09-22 18:29:00', '2025-09-22 18:34:10'),
(9, 'backup_enabled', '0', NULL, '2025-09-22 18:29:00', '2025-09-22 18:34:10'),
(10, 'maintenance_mode', '0', NULL, '2025-09-22 18:29:00', '2025-09-22 18:29:00'),
(11, 'test_setting', 'test_value', NULL, '2025-09-22 18:29:00', '2025-09-22 18:29:21');

-- --------------------------------------------------------

--
-- Table structure for table `users`
--

CREATE TABLE `users` (
  `user_id` bigint(20) UNSIGNED NOT NULL,
  `username` varchar(50) NOT NULL,
  `password` varchar(100) NOT NULL,
  `full_name` varchar(100) NOT NULL,
  `email` varchar(100) NOT NULL,
  `role` varchar(20) DEFAULT NULL CHECK (`role` in ('admin','farmer','viewer')),
  `last_login` timestamp NOT NULL DEFAULT current_timestamp() ON UPDATE current_timestamp(),
  `created_at` timestamp NOT NULL DEFAULT current_timestamp(),
  `theme` varchar(20) DEFAULT 'light',
  `language` varchar(5) DEFAULT 'en',
  `notifications` tinyint(1) DEFAULT 1,
  `email_alerts` tinyint(1) DEFAULT 1,
  `dashboard_layout` varchar(20) DEFAULT 'default'
) ENGINE=InnoDB DEFAULT CHARSET=utf8mb4 COLLATE=utf8mb4_general_ci;

--
-- Dumping data for table `users`
--

INSERT INTO `users` (`user_id`, `username`, `password`, `full_name`, `email`, `role`, `last_login`, `created_at`, `theme`, `language`, `notifications`, `email_alerts`, `dashboard_layout`) VALUES
(1, 'farmer_john', '$2y$10$FgGuuX9KNtXiFQxKKCn.zuW0QsrO1oZzcMV5xARYspYi.i9Z87GO6', 'John Smith', 'john@shantukafarm.com', 'admin', '2025-09-22 20:39:33', '2025-07-30 17:16:12', 'dark', 'en', 1, 1, 'compact'),
(2, 'tech_sarah', 'securehash456', 'mwaba', 'mwaba@shantukafarm.com', 'farmer', '2025-09-19 20:53:16', '2025-07-30 17:16:12', 'light', 'en', 1, 1, 'default'),
(3, 'Chiko', '$2y$10$SrtmpOmzspAH.vyExfHLlOpQ6ccuGWCO/Va0.9q0n1H0o/ygv3s0q', 'mwaba chanda', 'chikomwabchanda@gmail.com', 'admin', '2025-09-23 06:59:54', '2025-09-19 20:55:36', 'dark', 'en', 0, 0, 'compact'),
(4, 'billz', '$2y$10$r/QcJtFkH0LqPvGM7wMxt.YuNBMnquuz6nJ64y7rL/jpvNOpeG8u6', 'chungu musaka', 'chungu.musaka@cs.unza.zm', 'farmer', '2025-09-19 21:00:55', '2025-09-19 20:56:54', 'light', 'en', 1, 1, 'default'),
(5, 'view', '$2y$10$CBt/Gjawp620e48MD2SihOclTFTnBbMoZ8/Tr2YFFnDNhp8iz3OaW', 'viewer', 'viewer@gmail.com', 'viewer', '2025-09-19 21:03:07', '2025-09-19 21:02:51', 'light', 'en', 1, 1, 'default'),
(6, 'stanford', '$2y$10$s.FUJEFJDj5B0pr9jmnS0uZERNM6MOM2MOQIwfWakCvFrSGSNM1R6', 'Stanford Zulu', 'stanford@gmail.com', 'farmer', '2025-09-21 20:12:46', '2025-09-21 20:12:01', 'light', 'en', 1, 1, 'default');

--
-- Indexes for dumped tables
--

--
-- Indexes for table `crop_areas`
--
ALTER TABLE `crop_areas`
  ADD PRIMARY KEY (`area_id`);

--
-- Indexes for table `equipment`
--
ALTER TABLE `equipment`
  ADD PRIMARY KEY (`equipment_id`);

--
-- Indexes for table `sensors`
--
ALTER TABLE `sensors`
  ADD PRIMARY KEY (`sensor_id`);

--
-- Indexes for table `sensor_readings`
--
ALTER TABLE `sensor_readings`
  ADD PRIMARY KEY (`reading_id`);

--
-- Indexes for table `settings`
--
ALTER TABLE `settings`
  ADD PRIMARY KEY (`id`),
  ADD UNIQUE KEY `setting_key` (`setting_key`);

--
-- Indexes for table `users`
--
ALTER TABLE `users`
  ADD PRIMARY KEY (`user_id`),
  ADD UNIQUE KEY `username` (`username`),
  ADD UNIQUE KEY `email` (`email`);

--
-- AUTO_INCREMENT for dumped tables
--

--
-- AUTO_INCREMENT for table `crop_areas`
--
ALTER TABLE `crop_areas`
  MODIFY `area_id` bigint(20) UNSIGNED NOT NULL AUTO_INCREMENT, AUTO_INCREMENT=4;

--
-- AUTO_INCREMENT for table `equipment`
--
ALTER TABLE `equipment`
  MODIFY `equipment_id` bigint(20) UNSIGNED NOT NULL AUTO_INCREMENT, AUTO_INCREMENT=5;

--
-- AUTO_INCREMENT for table `sensors`
--
ALTER TABLE `sensors`
  MODIFY `sensor_id` bigint(20) UNSIGNED NOT NULL AUTO_INCREMENT, AUTO_INCREMENT=7;

--
-- AUTO_INCREMENT for table `sensor_readings`
--
ALTER TABLE `sensor_readings`
  MODIFY `reading_id` bigint(20) UNSIGNED NOT NULL AUTO_INCREMENT, AUTO_INCREMENT=1444;

--
-- AUTO_INCREMENT for table `settings`
--
ALTER TABLE `settings`
  MODIFY `id` int(11) NOT NULL AUTO_INCREMENT, AUTO_INCREMENT=12;

--
-- AUTO_INCREMENT for table `users`
--
ALTER TABLE `users`
  MODIFY `user_id` bigint(20) UNSIGNED NOT NULL AUTO_INCREMENT, AUTO_INCREMENT=7;
COMMIT;

/*!40101 SET CHARACTER_SET_CLIENT=@OLD_CHARACTER_SET_CLIENT */;
/*!40101 SET CHARACTER_SET_RESULTS=@OLD_CHARACTER_SET_RESULTS */;
/*!40101 SET COLLATION_CONNECTION=@OLD_COLLATION_CONNECTION */;
